building_id,line_id,distance_km
B0001,L0009,3.05139
B0002,L0003,3.39645
B0003,L0009,3.17092
B0004,L0009,2.52351
B0005,L0009,6.77976
B0006,L0003,1.99081
B0007,L0009,1.90405
B0008,L0003,2.24804
B0009,L0009,3.81377
B0010,L0006,4.7117
B0011,L0009,0.47532
B0012,L0003,1.32762
