building_id,line_id,distance_km
B0001,L0009,3.4141
B0002,L0003,4.86036
B0003,L0009,4.59121
B0004,L0003,2.65547
B0005,L0009,4.47533
B0006,L0009,2.41997
B0007,L0009,2.86581
B0008,L0009,2.89128
B0009,L0009,4.28417
B0010,L0003,1.80427
B0011,L0003,2.21723
B0012,L0003,2.06746
